Chain,ResNum,Residue,X,Y,Z,Weight
A,2,SER,-15.67942133669792,-13.56474812784228,-6.631897003034787,0.0
A,3,HIS,-19.126227561588987,-8.008566036192141,-5.14844013179156,0.0
A,4,SER,-11.353652442201389,-6.6676466540192,-5.0015515154265815,0.0
A,5,MET,-12.736760392253714,-2.6439506518426854,0.8861200899929838,0.0
A,6,ARG,-8.169837658858253,-3.7094280203133834,-6.772271010117141,0.0
A,7,TYR,-9.05152319156784,1.0477004375532415,1.2519919377255768,1.0
A,8,PHE,-5.06131434056988,0.7481200567352375,-6.212514457029132,0.0
A,9,TYR,-2.975918861075242,3.645467908395088,1.3695048767790767,5.4
A,10,THR,0.8988443158418405,7.1364455434482,-5.520696817850254,0.0
A,11,SER,4.636989143149339,8.875182976148333,-0.3856471266350177,0.0
A,12,VAL,5.714763376393377,11.48101987164906,-5.670309849181214,0.0
A,13,SER,11.033459878184935,12.480892871731095,-1.9349771274519592,0.0
A,14,ARG,5.870733116184714,17.824445405449612,-3.071186662962653,0.0
A,15,PRO,13.73884838674192,15.857444532634869,-4.121204186352859,0.0
A,16,GLY,13.700333333333337,20.724666666666668,-2.208666666666667,0.0
A,17,ARG,10.109748654420416,20.96758794441346,-6.78444879237092,0.0
A,18,GLY,9.076333333333332,20.71666666666667,0.7153333333333333,0.0
A,19,GLU,7.37574924702454,17.374996027237778,5.001550431536736,0.0
A,20,PRO,7.547179393704786,13.366791187363338,1.43133076884873,0.0
A,21,ARG,0.0478054913449437,15.608036325802006,-4.687428516012414,0.0
A,22,PHE,-0.9007192941246691,9.269006029299891,1.7922471289380408,0.0
A,23,ILE,-2.392961343341789,11.26787189635818,-4.324107166182943,0.0
A,24,SER,-5.36025108063213,6.659678156495744,0.1127646996529511,1.2
A,25,VAL,-7.071573087450778,6.474493497982243,-5.209194302292945,0.0
A,26,GLY,-9.981666666666667,3.754333333333333,-2.3783333333333334,0.0
A,27,TYR,-10.11184295981616,2.8334294638483963,-7.649938889502733,0.0
A,28,VAL,-16.270168370045898,-1.4197760771329493,-3.32468931675493,0.0
A,29,ASP,-16.4114281935691,-4.889390133243279,-7.217013153144512,0.0
A,30,ASP,-14.368268761897914,-2.47285527411321,-12.213674632688432,0.0
A,31,THR,-17.67420618357423,2.1593893321109388,-8.207527758152713,0.0
A,32,GLN,-11.541908328796827,7.073764586048593,-7.037802972794766,0.0
A,33,PHE,-14.49139730082494,3.05812544877285,-1.3216992811260642,0.0
A,34,VAL,-12.894938944397076,6.253348357568188,0.0894064830839345,0.0
A,35,ARG,-7.794387884782247,11.72958947997546,-5.106902842020696,0.0
A,36,PHE,-5.653207564569504,12.11147621184504,3.091065082128035,0.0
A,37,ASP,-4.014293606800443,15.495601975669317,-2.651138660200332,0.0
A,38,SER,-0.3860905951873065,14.84127332201718,1.4507219475886608,0.0
A,39,ASP,0.3651050593013853,18.14044628938383,-1.8577801942165333,0.0
A,40,ALA,-6.282401306691222,18.564684656934904,-0.1877596028315553,0.0
A,41,ALA,-6.8648060232131245,23.796027651650665,0.8979742825807738,0.0
A,42,SER,-9.17540367381642,21.82637546694261,4.485006441735425,0.0
A,43,PRO,-4.831411201761583,18.21334258404432,4.331709115965299,0.0
A,44,ARG,-13.014168977925584,17.496148800629335,4.356705470253014,0.0
A,45,GLU,-11.522506051341637,8.539938653963903,3.882112447394308,2.8
A,46,GLU,-12.26318770633255,15.379776300684767,-0.556626886218362,0.0
A,47,PRO,-17.187495308501703,11.877513915752155,0.2645965427498424,0.0
A,48,ARG,-13.436084138755398,11.201704870839093,-6.207272681380866,0.0
A,49,ALA,-19.290191168691024,6.521076951679404,-4.487048827320872,0.0
A,50,PRO,-23.384703962395616,8.45221116546426,-4.865198556554893,0.0
A,51,TRP,-20.88131267266503,3.164636030948715,-2.311838801093678,0.0
A,52,ILE,-18.37109191335763,5.8146916927639385,0.7296018987562266,0.0
A,53,GLU,-22.050548411003096,11.777300096221024,-0.3853574557259071,0.0
A,54,GLN,-26.211740270862062,6.260749845956943,2.664450592731757,0.0
A,55,GLU,-19.96498693537639,4.586893925494035,6.169768203701321,0.0
A,56,GLY,-21.378666666666668,8.409666666666666,9.856,0.0
A,57,PRO,-20.108691591600383,12.334881558872446,11.63255922056378,0.0
A,58,GLU,-17.070059870592967,6.718193267659688,15.419443136179211,0.0
A,59,TYR,-15.64865784029114,5.3785977079165805,6.68039794220427,0.0
A,60,TRP,-16.613036987213544,10.117110935313912,5.246680233950656,0.0
A,61,ASP,-12.144078739690698,12.459871703387831,13.308754196990105,0.0
A,62,ARG,-11.97760852028508,5.080066284478899,14.219616433052895,0.0
A,63,ASN,-11.413646574376562,5.709684028072545,7.325300858682153,9.9
A,64,THR,-9.42465429982977,12.573949236760733,7.884471277044538,0.0
A,65,GLN,-7.774846461382084,10.846518642920508,13.900623944403607,0.0
A,66,ILE,-6.584279743364521,5.005236484409115,9.541194919310136,0.0
A,67,TYR,-7.074031684908893,7.055572039799955,4.260922230816068,7.6
A,68,LYS,-4.524095754901002,14.363810477584932,9.063876188293994,0.0
A,69,ALA,-1.116749315863865,8.012076349944579,10.98940271073915,0.0
A,70,GLN,0.1842479479144202,4.519704046251508,5.5979077620155575,3.2
A,71,ALA,0.8551126839367299,11.057361763446664,5.052753857612884,0.0
A,72,GLN,2.995705496401882,11.808098336281036,10.717618703835996,0.0
A,73,THR,4.184404925294699,5.062540069902531,8.376076012947307,0.0
A,74,ASP,3.5915306814563777,6.154992642112178,2.9253401743406107,3.6
A,75,ARG,7.508637501909513,12.99976321385894,7.423731905531429,0.0
A,76,GLU,10.56657373516862,8.765335993360639,9.175679205188372,2.4
A,77,SER,8.392807964272423,4.046736905485914,4.575868647901217,2.7
A,78,LEU,9.245621063889306,8.256720987888997,0.0289225338035633,0.0
A,79,ARG,12.99348098799388,11.818227235259489,6.231019486574445,0.0
A,80,ASN,13.980687266648893,4.1536217154400665,6.627446145851125,3.0
A,81,LEU,12.191807489226532,2.4312886421988757,0.4288400398164494,0.0
A,82,ARG,18.38991719228468,9.23779601529319,0.7293050363564314,0.0
A,83,GLY,19.032333333333334,5.338333333333333,2.285666666666667,0.0
A,84,TYR,16.645859182946875,0.2146204128967805,3.9593970939970777,0.0
A,85,TYR,16.45929478232555,-0.009191010616241,-3.413650335242487,0.0
A,86,ASN,23.960809988318093,2.979776872476729,-1.2599848954104302,0.0
A,87,GLN,19.150200953649964,5.701729779200903,-5.763903079862446,0.0
A,88,SER,21.338338077645755,12.297527280704143,-5.116316376652414,0.0
A,89,GLU,20.42101560432961,14.304171551242822,0.9300465195201256,0.0
A,90,ALA,19.367605369867512,16.02588531028052,-5.61089419320028,0.0
A,91,GLY,16.907666666666668,12.738666666666669,-6.521,0.0
A,92,SER,10.943486043310006,12.888887666300556,-7.198694146765062,0.0
A,93,HIS,14.258304195995184,8.274348679978813,-4.945765240264285,0.0
A,94,THR,6.83005223614599,7.514019625303071,-6.975753847846656,0.0
A,95,LEU,6.6766424434149485,3.734361563935472,-0.6845253001200383,1.5
A,96,GLN,2.8306312807124585,3.6162742274029016,-7.216495659400076,0.0
A,97,SER,1.1294539320607198,-0.0965827940006233,-0.4880304900741601,4.7
A,98,MET,-3.2728015061721782,-3.76006672993785,-4.329017806554475,0.0
A,99,TYR,-5.1209835172215,-1.6814130431874694,2.8369981247456413,2.1
A,100,GLY,-6.828,-4.864,0.2729999999999999,0.0
A,101,CYS,-10.8698626499623,-7.591913645664533,1.7620126097617153,0.0
A,102,ASP,-9.863602130533655,-10.21981494011246,-4.057047599636053,0.0
A,103,VAL,-15.501121883733896,-10.601149029164748,-0.0992595769908342,0.0
A,104,GLY,-15.767,-15.02,-2.419666666666666,0.0
A,105,PRO,-19.346460577257368,-16.487180952818594,-4.5763140381975935,0.0
A,106,ASP,-18.35441823262822,-18.12563926733515,0.7240263735634253,0.0
A,107,GLY,-19.156,-13.542333333333334,1.0903333333333334,0.0
A,108,ARG,-17.528987717054903,-18.90574289252499,4.419186774819649,0.0
A,109,LEU,-9.992504267618497,-13.15103842530882,3.1655499144785177,0.0
A,110,LEU,-11.537251757866477,-15.771937171050078,-3.4970441058836164,0.0
A,111,ARG,-4.744596868353035,-13.381414068624744,-4.719951302465193,0.0
A,112,GLY,-5.986,-11.195,0.8853333333333333,0.0
A,113,HIS,-5.026275093228427,-8.892814688569999,-3.4315570960809283,0.0
A,114,ASN,0.2909328558031207,-5.225515823181989,2.522491837143023,2.3
A,115,GLN,0.857985277721474,-5.54388256103087,-4.947662591599274,0.0
A,116,TYR,3.927034832932133,-2.051094353109625,1.3790758004783596,5.8
A,117,ALA,5.713207000299107,-0.6213060589887806,-6.424371448679526,0.0
A,118,TYR,12.147770566275872,3.5976941090736907,-3.5313907367492123,0.0
A,119,ASP,12.084987382719405,5.060065854977707,-7.379616428675148,0.0
A,120,GLY,7.609666666666667,2.191333333333333,-10.033,0.0
A,121,LYS,12.929369060525875,-1.1612588933437429,-11.18804303751924,0.0
A,122,ASP,7.006086708709838,-5.984884207101246,-8.581302529650694,0.0
A,123,TYR,11.18611914131894,-2.2164042864422626,-0.769274308447275,0.0
A,124,ILE,8.32150128070834,-6.396052157789764,1.0337801565126044,0.0
A,125,ALA,4.424509319851971,-8.790851111098076,-2.5376332220964533,0.0
A,126,LEU,0.9773361976914444,-10.36807170715225,3.263408346910456,0.0
A,127,ASN,4.6334568729694405,-14.829099099171083,-0.0008101697555986,0.0
A,128,GLU,-1.3844246268600298,-16.799234592486116,-3.551418577678231,0.0
A,129,ASP,1.876396174950743,-17.739697619551944,3.275136440478141,0.0
A,130,LEU,-3.164511584212366,-13.712842312046376,4.08912165054944,0.0
A,131,ARG,1.3632399334518714,-19.262310392891383,7.349480595040444,0.0
A,132,SER,5.5246291829676775,-16.01128106843852,3.819528924269517,0.0
A,133,TRP,5.278016247212054,-9.074246119798335,4.430667158199477,0.0
A,134,THR,7.831702934640244,-12.954973432025596,-2.4665464254504013,0.0
A,135,ALA,12.336381735647215,-9.49158246054414,-0.3968280011964318,0.0
A,136,ALA,11.297482800119644,-7.279883376049079,-5.394623336285314,0.0
A,137,ASP,15.623834052370126,-5.146714040833563,-4.471823962542147,0.0
A,138,THR,20.37501177050865,-7.701867105748928,-1.8990324663986524,0.0
A,139,ALA,17.43052354683385,-2.8313078641932594,-1.2786354284574828,0.0
A,140,ALA,13.090297777803844,-5.61197862375152,-1.1180537702264424,0.0
A,141,GLN,17.11521686643906,-10.368589621479169,0.55436643758807,0.0
A,142,ILE,17.837526762627064,-3.879114313323528,4.408381844551469,0.0
A,143,THR,11.532505879943876,-3.3803602342376267,4.058357204731486,0.0
A,144,GLN,11.934751793525349,-11.05208683763848,3.39122146222551,0.0
A,145,ARG,17.522018153983453,-9.136435583358466,6.637559533124015,0.0
A,146,LYS,12.022203088965629,-2.2856297310214906,10.313484889418993,0.0
A,147,TRP,7.362780513452574,-4.507448951826205,6.149695635076684,0.0
A,148,GLU,10.789837701526894,-12.408987547152082,7.769741144911459,0.0
A,149,ALA,12.089747510659384,-8.956489347651415,13.406209937421924,0.0
A,150,ALA,8.008750318755242,-6.040918578122891,13.479483000697918,0.0
A,151,ARG,5.68565716373305,-12.951074105938842,13.628311559344684,0.0
A,152,VAL,4.609147236437375,-5.959151428484014,9.58639769814338,4.6
A,153,ALA,2.9602912302720705,-11.380268249397384,8.119424287565906,0.0
A,154,GLU,1.6824859585871594,-12.755817702185649,13.964809029063929,0.0
A,155,GLN,0.8705913444942457,-5.5600054605327225,13.310869606570122,0.0
A,156,ASP,-0.2065745213859326,-6.522510560082702,6.927023658275353,3.7
A,157,ARG,-3.679004459740397,-15.473745811856906,9.12066566040603,0.0
A,158,ALA,-5.466279940413004,-9.285543719612686,12.402002937122816,1.4
A,159,TYR,-7.599412309687058,-3.377782144514789,7.50346633951412,0.0
A,160,LEU,-5.503984900054692,-8.466299524076407,4.265865810921927,0.0
A,161,GLU,-7.591144258919883,-14.145210263738486,8.052844093043896,0.0
A,162,GLY,-11.093666666666667,-9.501666666666669,9.63,0.0
A,163,THR,-11.187955352276212,-4.187334660804496,10.140727592976445,0.0
A,164,CYS,-10.302363817317262,-5.830125054979592,3.6077718457095975,0.0
A,165,VAL,-14.01534939205569,-10.163276518552712,5.011165467007034,0.0
A,166,GLU,-17.004596607101774,-5.693833742533688,10.357182728163163,0.0
A,167,TRP,-14.008894753827851,-0.5533501092482865,7.663126172427553,3.8
A,168,LEU,-15.710113330088586,-5.958859915571002,0.0680593627676964,0.0
A,169,ARG,-19.043960381686304,-10.293919036083468,5.258482668175151,0.0
A,170,ARG,-20.592677525002053,-2.7089144904632683,8.776986540327057,0.0
A,171,TYR,-17.008077272426593,0.4204931136533504,2.6669117580500434,2.9
A,172,LEU,-20.3965243168851,-5.726653998708641,-1.717596197549388,0.0
A,173,GLU,-26.85294889621194,-4.333108539967363,2.6370070761874,0.0
A,174,ASN,-23.8704581916373,1.20865947275258,3.2272209755745167,0.0
A,175,GLY,-23.700333333333337,0.5903333333333334,-2.118666666666667,0.0
A,176,LYS,-28.25877638516983,-5.170575001237458,-3.240129413007641,0.0
A,177,ASP,-29.956162939598244,0.1905052440728588,-5.653407325849223,0.0
A,178,THR,-24.045986967728187,2.7495930881717565,-7.47260825991812,0.0
A,179,LEU,-20.687290414524693,-1.0326419807161489,-5.187425413325659,0.0
